,sepalLength,sepalWidth,petalLength,petalWidth,species,log_sepallength
0,5.1,3.5,1.4,0.2,setosa,1.62924053973028
1,4.9,3.0,1.4,0.2,setosa,1.589235205116581
2,4.7,3.2,1.3,0.2,setosa,1.547562508716013
3,4.6,3.1,1.5,0.2,setosa,1.5260563034950492
4,5.0,3.6,1.4,0.2,setosa,1.6094379124341003
5,5.4,3.9,1.7,0.4,setosa,1.6863989535702288
6,4.6,3.4,1.4,0.30000000000000004,setosa,1.5260563034950492
7,5.0,3.4,1.5,0.2,setosa,1.6094379124341003
8,4.4,2.9,1.4,0.2,setosa,1.4816045409242156
9,4.9,3.1,1.5,0.1,setosa,1.589235205116581
10,5.4,3.7,1.5,0.2,setosa,1.6863989535702288
11,4.8,3.4,1.6,0.2,setosa,1.5686159179138452
12,4.8,3.0,1.4,0.1,setosa,1.5686159179138452
13,4.3,3.0,1.1,0.1,setosa,1.4586150226995167
14,5.8,4.0,1.2,0.2,setosa,1.7578579175523736
15,5.7,4.4,1.5,0.4,setosa,1.7404661748405046
16,5.4,3.9,1.3,0.4,setosa,1.6863989535702288
17,5.1,3.5,1.4,0.30000000000000004,setosa,1.62924053973028
18,5.7,3.8,1.7,0.30000000000000004,setosa,1.7404661748405046
19,5.1,3.8,1.5,0.30000000000000004,setosa,1.62924053973028
20,5.4,3.4,1.7,0.2,setosa,1.6863989535702288
21,5.1,3.7,1.5,0.4,setosa,1.62924053973028
22,4.6,3.6,1.0,0.2,setosa,1.5260563034950492
23,5.1,3.3,1.7,0.5,setosa,1.62924053973028
24,4.8,3.4,1.9000000000000001,0.2,setosa,1.5686159179138452
25,5.0,3.0,1.6,0.2,setosa,1.6094379124341003
26,5.0,3.4,1.6,0.4,setosa,1.6094379124341003
27,5.2,3.5,1.5,0.2,setosa,1.6486586255873816
28,5.2,3.4,1.4,0.2,setosa,1.6486586255873816
29,4.7,3.2,1.6,0.2,setosa,1.547562508716013
30,4.8,3.1,1.6,0.2,setosa,1.5686159179138452
31,5.4,3.4,1.5,0.4,setosa,1.6863989535702288
32,5.2,4.1,1.5,0.1,setosa,1.6486586255873816
33,5.5,4.2,1.4,0.2,setosa,1.7047480922384253
34,4.9,3.1,1.5,0.2,setosa,1.589235205116581
35,5.0,3.2,1.2,0.2,setosa,1.6094379124341003
36,5.5,3.5,1.3,0.2,setosa,1.7047480922384253
37,4.9,3.6,1.4,0.1,setosa,1.589235205116581
38,4.4,3.0,1.3,0.2,setosa,1.4816045409242156
39,5.1,3.4,1.5,0.2,setosa,1.62924053973028
40,5.0,3.5,1.3,0.30000000000000004,setosa,1.6094379124341003
41,4.5,2.3,1.3,0.30000000000000004,setosa,1.5040773967762742
42,4.4,3.2,1.3,0.2,setosa,1.4816045409242156
43,5.0,3.5,1.6,0.6000000000000001,setosa,1.6094379124341003
44,5.1,3.8,1.9000000000000001,0.4,setosa,1.62924053973028
45,4.8,3.0,1.4,0.30000000000000004,setosa,1.5686159179138452
46,5.1,3.8,1.6,0.2,setosa,1.62924053973028
47,4.6,3.2,1.4,0.2,setosa,1.5260563034950492
48,5.3,3.7,1.5,0.2,setosa,1.667706820558076
49,5.0,3.3,1.4,0.2,setosa,1.6094379124341003
50,7.0,3.2,4.7,1.4,versicolor,1.9459101490553132
51,6.4,3.2,4.5,1.5,versicolor,1.8562979903656263
52,6.9,3.1,4.9,1.5,versicolor,1.9315214116032138
53,5.5,2.3,4.0,1.3,versicolor,1.7047480922384253
54,6.5,2.8,4.6,1.5,versicolor,1.8718021769015913
55,5.7,2.8,4.5,1.3,versicolor,1.7404661748405046
56,6.3,3.3,4.7,1.6,versicolor,1.840549633397487
57,4.9,2.4,3.3,1.0,versicolor,1.589235205116581
58,6.6,2.9,4.6,1.3,versicolor,1.8870696490323797
59,5.2,2.7,3.9,1.4,versicolor,1.6486586255873816
60,5.0,2.0,3.5,1.0,versicolor,1.6094379124341003
61,5.9,3.0,4.2,1.5,versicolor,1.7749523509116738
62,6.0,2.2,4.0,1.0,versicolor,1.791759469228055
63,6.1,2.9,4.7,1.4,versicolor,1.8082887711792655
64,5.6,2.9,3.6,1.3,versicolor,1.7227665977411035
65,6.7,3.1,4.4,1.4,versicolor,1.9021075263969205
66,5.6,3.0,4.5,1.5,versicolor,1.7227665977411035
67,5.8,2.7,4.1,1.0,versicolor,1.7578579175523736
68,6.2,2.2,4.5,1.5,versicolor,1.824549292051046
69,5.6,2.5,3.9,1.1,versicolor,1.7227665977411035
70,5.9,3.2,4.8,1.8,versicolor,1.7749523509116738
71,6.1,2.8,4.0,1.3,versicolor,1.8082887711792655
72,6.3,2.5,4.9,1.5,versicolor,1.840549633397487
73,6.1,2.8,4.7,1.2,versicolor,1.8082887711792655
74,6.4,2.9,4.3,1.3,versicolor,1.8562979903656263
75,6.6,3.0,4.4,1.4,versicolor,1.8870696490323797
76,6.8,2.8,4.8,1.4,versicolor,1.916922612182061
77,6.7,3.0,5.0,1.7,versicolor,1.9021075263969205
78,6.0,2.9,4.5,1.5,versicolor,1.791759469228055
79,5.7,2.6,3.5,1.0,versicolor,1.7404661748405046
80,5.5,2.4,3.8,1.1,versicolor,1.7047480922384253
81,5.5,2.4,3.7,1.0,versicolor,1.7047480922384253
82,5.8,2.7,3.9,1.2,versicolor,1.7578579175523736
83,6.0,2.7,5.1,1.6,versicolor,1.791759469228055
84,5.4,3.0,4.5,1.5,versicolor,1.6863989535702288
85,6.0,3.4,4.5,1.6,versicolor,1.791759469228055
86,6.7,3.1,4.7,1.5,versicolor,1.9021075263969205
87,6.3,2.3,4.4,1.3,versicolor,1.840549633397487
88,5.6,3.0,4.1,1.3,versicolor,1.7227665977411035
89,5.5,2.5,4.0,1.3,versicolor,1.7047480922384253
90,5.5,2.6,4.4,1.2,versicolor,1.7047480922384253
91,6.1,3.0,4.6,1.4,versicolor,1.8082887711792655
92,5.8,2.6,4.0,1.2,versicolor,1.7578579175523736
93,5.0,2.3,3.3,1.0,versicolor,1.6094379124341003
94,5.6,2.7,4.2,1.3,versicolor,1.7227665977411035
95,5.7,3.0,4.2,1.2,versicolor,1.7404661748405046
96,5.7,2.9,4.2,1.3,versicolor,1.7404661748405046
97,6.2,2.9,4.3,1.3,versicolor,1.824549292051046
98,5.1,2.5,3.0,1.1,versicolor,1.62924053973028
99,5.7,2.8,4.1,1.3,versicolor,1.7404661748405046
100,6.3,3.3,6.0,2.5,virginica,1.840549633397487
101,5.8,2.7,5.1,1.9000000000000001,virginica,1.7578579175523736
102,7.1,3.0,5.9,2.1,virginica,1.9600947840472698
103,6.3,2.9,5.6,1.8,virginica,1.840549633397487
104,6.5,3.0,5.8,2.2,virginica,1.8718021769015913
105,7.6,3.0,6.6,2.1,virginica,2.028148247292285
106,4.9,2.5,4.5,1.7,virginica,1.589235205116581
107,7.3,2.9,6.3,1.8,virginica,1.9878743481543455
108,6.7,2.5,5.8,1.8,virginica,1.9021075263969205
109,7.2,3.6,6.1,2.5,virginica,1.9740810260220096
110,6.5,3.2,5.1,2.0,virginica,1.8718021769015913
111,6.4,2.7,5.3,1.9000000000000001,virginica,1.8562979903656263
112,6.8,3.0,5.5,2.1,virginica,1.916922612182061
113,5.7,2.5,5.0,2.0,virginica,1.7404661748405046
114,5.8,2.8,5.1,2.4,virginica,1.7578579175523736
115,6.4,3.2,5.3,2.3,virginica,1.8562979903656263
116,6.5,3.0,5.5,1.8,virginica,1.8718021769015913
117,7.7,3.8,6.7,2.2,virginica,2.0412203288596382
118,7.7,2.6,6.9,2.3,virginica,2.0412203288596382
119,6.0,2.2,5.0,1.5,virginica,1.791759469228055
120,6.9,3.2,5.7,2.3,virginica,1.9315214116032138
121,5.6,2.8,4.9,2.0,virginica,1.7227665977411035
122,7.7,2.8,6.7,2.0,virginica,2.0412203288596382
123,6.3,2.7,4.9,1.8,virginica,1.840549633397487
124,6.7,3.3,5.7,2.1,virginica,1.9021075263969205
125,7.2,3.2,6.0,1.8,virginica,1.9740810260220096
126,6.2,2.8,4.8,1.8,virginica,1.824549292051046
127,6.1,3.0,4.9,1.8,virginica,1.8082887711792655
128,6.4,2.8,5.6,2.1,virginica,1.8562979903656263
129,7.2,3.0,5.8,1.6,virginica,1.9740810260220096
130,7.4,2.8,6.1,1.9000000000000001,virginica,2.0014800002101243
131,7.9,3.8,6.4,2.0,virginica,2.066862759472976
132,6.4,2.8,5.6,2.2,virginica,1.8562979903656263
133,6.3,2.8,5.1,1.5,virginica,1.840549633397487
134,6.1,2.6,5.6,1.4,virginica,1.8082887711792655
135,7.7,3.0,6.1,2.3,virginica,2.0412203288596382
136,6.3,3.4,5.6,2.4,virginica,1.840549633397487
137,6.4,3.1,5.5,1.8,virginica,1.8562979903656263
138,6.0,3.0,4.8,1.8,virginica,1.791759469228055
139,6.9,3.1,5.4,2.1,virginica,1.9315214116032138
140,6.7,3.1,5.6,2.4,virginica,1.9021075263969205
141,6.9,3.1,5.1,2.3,virginica,1.9315214116032138
142,5.8,2.7,5.1,1.9000000000000001,virginica,1.7578579175523736
143,6.8,3.2,5.9,2.3,virginica,1.916922612182061
144,6.7,3.3,5.7,2.5,virginica,1.9021075263969205
145,6.7,3.0,5.2,2.3,virginica,1.9021075263969205
146,6.3,2.5,5.0,1.9000000000000001,virginica,1.840549633397487
147,6.5,3.0,5.2,2.0,virginica,1.8718021769015913
148,6.2,3.4,5.4,2.3,virginica,1.824549292051046
149,5.9,3.0,5.1,1.8,virginica,1.7749523509116738
